file_name,id,class,tocase,text
p,id,class,case,bersetzung durch den Sprachendienst des Deutschen Bundestages in Zusammenarbeit mit Raymond Kerr
p,id,class,case,Translation provided by the Language Service of the German Bundestag in cooperation with Raymond Kerr
p,id,class,case,Stand Die bersetzung bercksichtigt die nderungen des Gesetzes durch Artikel 1 des Gesetzes vom 1172014 BGBl I S 906
p,id,class,case,Version information The translation includes the amendments to the Act by Article 1 of the Act of 1172014 Federal Law Gazette I p 906
p,id,class,case,
p,id,class,case,Zur Nutzung dieser bersetzung lesen Sie bitte den Hinweis unter Translations
p,id,class,case,
p,id,class,case,For conditions governing use of this translation please see the information provided under Translations
p,id,class,case,Members of the Bundestag Act
p,id,class,case,Abgeordnetengesetz
p,id,class,case,Full citationAct on the Legal Status of Members of the German Bundestag of 18 February 1977 Federal Law Gazette I p 297 in the version promulgated on 21 February 1996 Federal Law Gazette I p 326 as amended by Article 1 of the Act of 11 July 2014 Federal Law Gazette I p906
p,id,class,case,
p,id,class,case,
p,id,class,case,table of contents
p,id,class,case,Part OneAcquisition and loss of membership of the Bundestag
p,id,class,case,table of contents
p,id,class,case,Section 1Acquisition and loss of membership of the Bundestag
p,id,class,case,The acquisition and loss of membership of the Bundestag are governed by the provisions of the Federal Electoral Act
p,id,class,case,table of contents
p,id,class,case,Part TwoMembership of the Bundestag and professional activity
p,id,class,case,table of contents
p,id,class,case,Section 2Protection of the free exercise of an electoral mandate
p,id,class,case,1 No one may be prevented from standing as a candidate for a mandate to serve as a Member of the Bundestag or from acquiring accepting or holding such a mandate
p,id,class,case,2 Discrimination at work on the grounds of candidature for or acquisition acceptance and exercise of a mandate shall be inadmissible
p,id,class,case,3 Termination of an employment contract or dismissal on grounds of the acquisition acceptance or exercise of a mandate shall be inadmissible In all other respects termination of an employment contract shall only be permitted for a compelling reason Protection against termination or dismissal shall take effect on the selection of the candidate by the relevant party organ or on submission of the list of nominated candidates It shall continue to apply for one year after the end of the Members term of office
p,id,class,case,table of contents
p,id,class,case,Section 3Election leave
p,id,class,case,During the two months immediately prior to polling day a candidate for a seat in the Bundestag shall be granted leave of up to two months on request for the purpose of preparing for the election There shall be no entitlement to continued payment of emoluments during the period of leave
p,id,class,case,table of contents
p,id,class,case,Section 4Seniority and length of service
p,id,class,case,1 After the end of the Members term of office his or her period of membership of the Bundestag shall be credited to his or her professional seniority and company service
p,id,class,case,2 Within the context of an existing pension scheme operated by a company or companies the period referred to in subsection 1 above shall only be reckonable for the purpose of fulfilling the vesting periods prescribed in section1 of the Improvement of Company Pension Schemes Act Gesetz zur Verbesserung der betrieblichen Altersversorgung
p,id,class,case,table of contents
p,id,class,case,Part ThreeLegal status of public servants elected to the Bundestag
p,id,class,case,table of contents
p,id,class,case,Section 5Suspension of the rights and duties arising from employment in the public service
p,id,class,case,1 With the exception of the duty of confidentiality and the obligation to refrain from accepting rewards and gifts the rights and duties arising from salaried membership of the permanent civil service shall be suspended from the date on which the election result was established by the Federal Electoral Committee first sentence of section 422 of the Federal Electoral Act Bundeswahlgesetz or on which a permanent civil servant accepted his or her mandate for the period of his or her term of office The same shall apply where a Member of the Bundestag is appointed to such a position in the public  service from the date on which the appointment takes effect The civil servant shall be entitled to use his or her official title or grade with the addition of the word retired auer Dienst aD The foregoing provisions shall be without prejudice to the right to treatment and compensation of civil servants who have been injured in an accident The first sentence above shall apply for a period not extending beyond the civil servants voluntary or compulsory retirement
p,id,class,case,2 In the case of civil servants with nonactive status subsection 1 above shall apply mutatis mutandis for a period not extending beyond the date of their final voluntary or compulsory retirement
p,id,class,case,3 A temporary civil servant undergoing practical professional training who is elected to the Bundestag shall be granted unpaid leave on request If after passing the professional examination the trainee is appointed as a probationary civil servant his or her rights and duties in the latter capacity shall be suspended pursuant to subsection1 above from the date on which the appointment takes effect
p,id,class,case,table of contents
p,id,class,case,Section 6Reinstatement after expiry of a mandate
p,id,class,case,1 When a civil servant ceases to be a Member of the Bundestag his or her rights and duties as a civil servant shall remain suspended for a maximum of six months On application which must be made within three months from the end of his or her term of office the civil servant shall be reinstated within three months from the date of the application The category within the career structure to which the civil servant is appointed must be the same as or equivalent to his or her former category and must attract at least the same final basic salary He or she shall receive the emoluments payable in respect of his or her former position with effect from the date of application for reinstatement
p,id,class,case,2 If the civil servant does not make his or her application within three months from the end of his or her membership of the Bundestag in accordance with subsection 1 above the rights and duties arising from membership of the civil service shall remain suspended section 51 of this Act until the date of voluntary or compulsory retirement  If however the civil servant has neither been a Member of the Bundestag for at least two electoral terms nor reached his or her fiftyfifth birthday on ceasing to be a Member of the Bundestag the highest administrative authority may reinstate the civil servant by appointing him or her to a position in accordance with the third sentence of subsection 1 above if the civil servant refuses reinstatement or fails to take up the appointment he or she shall be dismissed The second sentence above shall not apply if during his or her membership of the Bundestag the civil servant was a member of the Federal Government
p,id,class,case,table of contents
p,id,class,case,Section 7Seniority in the public service
p,id,class,case,1 By way of derogation from the third sentence of section 273 of the Federal Pay Act Bundesbesoldungsgesetz and without prejudice to section 235 of the present Act the period of membership of the Bundestag shall delay a federal civil servants accrual of seniority on the pay scale to the extent that the application mutatis mutandis of section 281 and 2 of the Federal Pay Act as amended prior to 30June2009 has such effect
p,id,class,case,2 If the civil servant is not reinstated in his or her former position in accordance with section 6 of this Act the accrual of seniority on the pay scale shall be suspended for the period from the end of his or her membership of the Bundestag until the date on which a pension becomes payable If the civil servant is not reinstated in his or her former position in accordance with section 6 of this Act his or her basic pay shall remain at the point on the pay scale indicated by paragraph 1 above until he or she becomes eligible to draw a pension
p,id,class,case,3 Without prejudice to the provisions of section 235 of this Act the period of membership of the Bundestag shall not count towards the period of service as defined in pensions legislation The same shall apply with regard to the period after the Members term of office if the civil servant is not reinstated in his or her former position pursuant to section 6 of this Act
p,id,class,case,4 Once a civil servant has ceased to be a Member of the Bundestag his or her term of office shall count towards the civil servants seniority in his or her present grade excluding any probationary period
p,id,class,case,5 In the case of publicservice employees once they cease to be Members of the Bundestag their period of membership shall count towards their professional seniority and length of service in the context of an existing supplementary retirement and surviving dependants pension this shall only apply to provisions governing expectancy or claims on the merits
p,id,class,case,table of contents
p,id,class,case,Section 8Civil servants appointed for a fixed term judges members of the armed forces and public service employees
p,id,class,case,1 Sections 5 to 7 of this Act shall apply mutatis mutandis to judges and to career members and fixedterm volunteer members of the armed forces
p,id,class,case,2 The rights and duties arising from engagement to serve for a fixed period in the armed forces shall be suspended for no longer than the period of the engagement and those arising from appointment for a fixed period as a civil servant for no longer than the period of the appointment
p,id,class,case,3 Subsection 2 above and the provisions of sections 5 6 and 71 to 4 shall apply mutatis mutandis to publicservice employees Public service within the meaning of this provision is work performed in the service of the Federal Republic one of its constituent states Lnder a local authority or other body institution or foundation established under public law or associations thereof with the exception of public religious societies and associations thereof
p,id,class,case,table of contents
p,id,class,case,Section 9University staff with civilservant status
p,id,class,case,1 With regard to the legal status of university professors and assistant professors within the meaning of Section 42 of the Framework Act for Higher Education Hochschulrahmengesetz who are elected to the Bundestag section 6 of the present Act shall apply with the proviso that they must be reinstated in their former position at the same university
p,id,class,case,2 During their term of office in the Bundestag professors and assistant professors may engage in research and teaching as well as providing assistance to doctoral and postdoctoral students Remuneration for this work shall be calculated on the basis of actual performance The remuneration may not exceed 25 per cent of the income which would be paid under their contract of employment as professors or assistant professors In all other respects the provisions relating to federal civil servants shall apply
p,id,class,case,table of contents
p,id,class,case,Section 10Electoral officials appointed for a fixed term
p,id,class,case,The Lnder may enact legislation deviating from the regulations contained in section6 of this Act in the case of electoral officials appointed for a fixed term
p,id,class,case,table of contents
p,id,class,case,Part FourBenefits for Members of the Bundestag
p,id,class,case,table of contents
p,id,class,case,Section 11Members remuneration
p,id,class,case,1 A Member of the Bundestag shall receive a monthly remuneration based on the monthly income of a judge of the highest federal courts salary group R6 as defined in Annex IV of the Federal Pay Act Bundesbesoldungsgesetz with the supplement for judges and public prosecutors of the highest federal courtsWith effect from 1July 2014 a Members remuneration shall be 8667 euros and from 1 January 2015 9082 euros The procedure prescribed in subsections 4 and 5 below shall apply to subsequent adjustments
p,id,class,case,2 The President of the Bundestag shall receive a monthly supplementary allowance of one months salary as specified in subsection 1 above his or her deputies shall receive a monthly supplementary allowance amounting to half of the monthly salary specified in subsection 1 above and the chairpersons of committees committees of inquiry and study commissions shall receive a monthly supplementary allowance corresponding to 15 per cent of the monthly amount specified in subsection 1 above
p,id,class,case,3 The amount of a Members remuneration and of the supplementary allowance shall be reduced by one threehundred and sixtyfifth on account of grants towards the cost of nursing care awarded under section 27 of this Act from 1 January 1995
p,id,class,case,4 The monthly remuneration specified in subsection 1 above shall be adjusted annually on 1 July beginning on 1July2016 The basis shall be the development of the index of nominal earnings computed by the Federal Statistical Office which the President of the Federal Statistical Office shall transmit to the President of the Bundestag by 31 March of each year The latter shall publish the adjusted amount of remuneration in a Bundestag printed paper
p,id,class,case,5 The adjustment procedure prescribed by subsection 4 above shall continue to apply in a new electoral term only if the Bundestag adopts a decision to that effect within three months following the constituent sitting If no decision is taken within that time the last amount computed in accordance with subsection 4 above shall apply to Members remuneration until the Bundestag confirms or amends the adjustment procedure in a law
p,id,class,case,table of contents
p,id,class,case,Section 12Members allowances
p,id,class,case,1 To cover costs incurred in connection with the exercise of his or her parliamentary mandate a Member of the Bundestag shall receive various compensatory allowances These shall comprise monetary allowances and benefits in kind
p,id,class,case,2 A Member of the Bundestag shall receive a monthly expense allowance to cover in particular
p,id,class,case,1office expenses for the establishment and upkeep of a constituency office outside the seat of the German Bundestag including rent and utility and service charges stock and office materials literature and other communication media and postage
p,id,class,case,2additional expenditure incurred at the seat of the Bundestag and travel expenses excluding the cost of official trips abroad
p,id,class,case,3travel costs for trips in connection with the exercise of his or her mandate within the Federal Republic of Germany without prejudice to the provisions of sections 16 and 17 of this Act and
p,id,class,case,4additional expenses for other costs incurred in connection with the exercise of a parliamentary mandate representative functions invitations constituency work etc which are not otherwise defrayable from the professional remuneration and allowances paid to cover the cost of living
p,id,class,case,The expense allowance shall be adjusted each year on 1 January in line with the increase in the general cost of living of all households in the previous year Details of the amount of the estimates for the individual flatrate allowance based on actual expenditure and the amount of the adjustment shall be governed by the Budget Act Haushaltsgesetz and by implementing provisions which shall be enacted by the Council of Elders ltestenrat
p,id,class,case,3 On submission of evidence a Member of the Bundestag shall receive reimbursement for employing staff to assist him or her in carrying out his or her parliamentary work Entitlement to this reimbursement is not transferable to another Member of the Bundestag Reimbursement of expenditure in respect of employment contracts concluded with staff who are or were married or related by blood or marriage to the Member of the Bundestag is not permissible The same shall apply mutatis mutandis to employment contracts concluded with the civil partner or former civil partner of a Member of the Bundestag Details of the reimbursable amount of expenditure and the conditions of reimbursement the mandatory minimum requirements for the employment contract and other matters shall be governed by the Budget Act and the implementing provisions to be enacted by the Council of Elders Salaries and other staff expenditure shall be paid by the Bundestag Administration The Bundestag shall not be liable to third parties The staff shall not be public servants No contractual relationship shall exist between the staff and the Bundestag Administration
p,id,class,case,4 Members allowances shall also include
p,id,class,case,1the provision of a fully equipped office at the seat of the Bundestag
p,id,class,case,2the use of transport facilities in accordance with section 16 of this Act
p,id,class,case,3the use of official Bundestag vehicles
p,id,class,case,4the provision and use of the common information and communication system of the Bundestag and
p,id,class,case,5other Bundestag services
p,id,class,case,Details shall be regulated by the Budget Act and by implementing provisions which shall be enacted by the Council of Elders
p,id,class,case,5 The President of the Bundestag shall receive a monthly official expense allowance of 1023 euros and his or her deputies shall receive a monthly official expense allowance of 307 euros
p,id,class,case,6 A Member of the Bundestag who has the exclusive use of an official car shall receive an expense allowance reduced by 25 per cent
p,id,class,case,table of contents
p,id,class,case,Section 13Nonentitlement to reimbursement of expenses
p,id,class,case,A Member of the Bundestag elected to the Bundestag in the last quarter of the last year of an electoral term shall not have a right to benefits under section 122 and 3 of this Act if the Bundestag has already completed its work
p,id,class,case,table of contents
p,id,class,case,Section 14Reduction of the expense allowance
p,id,class,case,1 An attendance register shall be displayed on each sitting day The President shall determine in consultation with the Council of Elders which days count as sitting days and the time during which the attendance register is to be displayed If a Member of the Bundestag does not enter his or her name in the register 100 euros shall be deducted from his or her expense allowance The amount of the reduction shall be increased to 200 euros if a Member who has not been granted leave of absence fails to enter his or her name in the attendance register on the day of a plenary sitting The amount of the deduction shall be reduced to 20 euros if a Member of the Bundestag presents a medical certificate attesting to a stay in hospital or in a sanatorium or to temporary incapacitation During the period of maternity protection in the event of pregnancy or if a Member of the Bundestag has a child under the age of 14 living in his or her household who is certified ill by a doctor and for whom the Member must care personally because no other responsible person is available in the household to do so the Members failure to enter his or her name in the attendance register shall not result in a reduction of the expense allowance From the time when the attendance register is displayed performance of the duties of President or Secretary a minuted request to speak at a sitting of the German Bundestag the use of a personal voting card in a recorded vote participation in a rollcall vote entry in the attendance register of a committee or other body of the Bundestag interventions at a meeting of a committee or other body of the Bundestag entry in the attendance register of the Council of Elders or participation in an approved official trip on the day of the sitting shall count as entry in the attendance register
p,id,class,case,2 A Member of the Bundestag who fails to cast a vote by voting card or rollcall shall have 100 euros deducted from his or her monthly expense allowance This shall not apply if the President has granted the Member leave of absence if a deduction is made under subsection 1 above or in the circumstances described in the sixth sentence of subsection 1 above
p,id,class,case,table of contents
p,id,class,case,Section 15Receipt of other per diem or attendance allowances
p,id,class,case,If a Member of the Bundestag receives a per diem or attendance allowance from other public funds on the same day that he or she has entered his or her name on the Bundestag attendance register 20 euros or the amount of the attendance allowance paid out of the other public funds whichever is the lesser shall be deducted from his or her monthly expense allowance The same shall apply to official trips abroad which fall on the day of a sitting
p,id,class,case,table of contents
p,id,class,case,Section 16Right to free use of public transport and reimbursement of travel costs
p,id,class,case,1 A Member of the Bundestag shall have the right to free use of all transport facilities of the rail operator Deutsche Bahn AG If in the exercise of his or her mandate in the Federal Republic of Germany a Member uses internal flights sleepingcars or other forms of rail transport beyond the scope of local public transport networks the cost shall be reimbursed up to the highest class on production of receipts
p,id,class,case,2 For the duration of his or her entitlement to free travel a Member of the Bundestag may not accept reimbursement of travel costs for domestic trips with Deutsche Bahn AG from any other source The same shall apply to domestic travel undertaken as part of a trip abroad and to expenditure on flights and sleepingcars where such expenditure is reimbursed under subsection 1 above
p,id,class,case,table of contents
p,id,class,case,Section 17Official trips
p,id,class,case,1 Official trips shall require the prior approval of the President
p,id,class,case,2 In the case of domestic trips daily subsistence expenses shall be deemed to have been reimbursed through the expense allowance By virtue of the application mutatis mutandis of the Federal Travel Expenses Act Bundesreisekostengesetz however a Member of the Bundestag shall receive on request an overnight accommodation allowance as well as the reimbursement of his or her travel expenses If a Member of the Bundestag proves that he or she has incurred an unusual level of expenditure which cannot be covered by the overnight accommodation allowance the unavoidable excess shall be reimbursed
p,id,class,case,3 In the case of official trips abroad a Member shall receive on request per diem and overnight accommodation allowances In addition the following shall also be reimbursed
p,id,class,case,in the case of rail travel the cost of return travel from the federal border to the
p,id,class,case,destination as well as the cost of a sleeping car on production of receipts
p,id,class,case,in the case or air travel the attested cost of travel to and from the destination
p,id,class,case,the cost of necessary travel by other means of transport
p,id,class,case,4 On application in the cases referred to in subsections 2 and 3 above a mileage payment shall be awarded in lieu of travel costs It must not exceed the amount of expenditure which would have been reimbursable for travel by air under section161 or section173 of this Act The amount of the mileage payment shall be determined by the Council of Elders
p,id,class,case,5 In all other respects the provisions of the Federal Travel Expenses Act as amended shall apply mutatis mutandis unless otherwise determined by the Council of Elders
p,id,class,case,table of contents
p,id,class,case,Part FiveBenefits for former Members of the Bundestag and their surviving dependants
p,id,class,case,table of contents
p,id,class,case,Section 18Transitional emoluments
p,id,class,case,1 An outgoing Member with at least one year of membership shall receive transitional emoluments The transitional emoluments amounting to the Members remuneration specified in section 111 of this Act shall be paid for one month for each year of membership up to a maximum of eighteen months Periods of earlier membership of the Bundestag for which transitional emoluments have already been paid are not reckonable Membership of the Bundestag lasting more than half a year shall be regarded as a full year for the purposes of the calculation described in the second sentence above
p,id,class,case,2 From the second month after the date of severance from the Bundestag all earned income and pension benefits shall be set off against the transitional emoluments Income from membership of the European Parliament shall not be set off against these emoluments if the European Parliament already makes provision for the transitional emoluments to be set off against its own remuneration
p,id,class,case,3 On request the transitional emoluments referred to in subsection 1 above may be paid as a single gratuity monthly or at half the prescribed amount for double the prescribed period The third sentence of subsection 1 shall apply mutatis mutandis
p,id,class,case,4 If the former Member reenters the Bundestag his or her entitlement to monthly payments under subsection 1 above shall be suspended If the former Member has received the transitional emoluments in the form of a gratuity he or she shall repay the amount that would have accrued after the date of reentry if he or she had been receiving monthly payments The President shall determine the instalments in which this amount is to be repaid
p,id,class,case,5 If a former Member dies the benefits referred to in subsection 1 above shall continue to be paid to the surviving spouse to the civil partner and to the former Members natural and adopted children or shall be left to them if no pension rights have accrued under this Act
p,id,class,case,6 A former Member who belongs to the European Parliament may only claim his or her transitional emoluments after severance from the European Parliament
p,id,class,case,7 Subsection 1 above shall not apply if the Member loses his or her membership of the Bundestag on the basis of section 1522 of the Federal Electoral Act The President of the Bundestag may suspend payments if there are likely to be proceedings which give rise to the consequences described in section 1522 of the Federal Electoral Act
p,id,class,case,table of contents
p,id,class,case,Section 19Entitlement to receive superannuation benefits
p,id,class,case,1 After leaving the Bundestag a Member shall receive superannuation benefits when he or she reaches his or her 67th birthday provided that he or she belonged to the Bundestag for at least one year
p,id,class,case,2 Members of the Bundestag born before 1January1947 shall attain pensionable age on reaching their 65th birthday For Members of the Bundestag born after 31December1946 pensionable age shall be raised as follows
p,id,class,case,Year of birth
p,id,class,case,Increase in months
p,id,class,case,New pensionable age
p,id,class,case,years
p,id,class,case,months
p,id,class,case,1947
p,id,class,case,1
p,id,class,case,65
p,id,class,case,1
p,id,class,case,1948
p,id,class,case,2
p,id,class,case,65
p,id,class,case,2
p,id,class,case,1949
p,id,class,case,3
p,id,class,case,65
p,id,class,case,3
p,id,class,case,1950
p,id,class,case,4
p,id,class,case,65
p,id,class,case,4
p,id,class,case,1951
p,id,class,case,5
p,id,class,case,65
p,id,class,case,5
p,id,class,case,1952
p,id,class,case,6
p,id,class,case,65
p,id,class,case,6
p,id,class,case,1953
p,id,class,case,7
p,id,class,case,65
p,id,class,case,7
p,id,class,case,1954
p,id,class,case,8
p,id,class,case,65
p,id,class,case,8
p,id,class,case,1955
p,id,class,case,9
p,id,class,case,65
p,id,class,case,9
p,id,class,case,1956
p,id,class,case,10
p,id,class,case,65
p,id,class,case,10
p,id,class,case,1957
p,id,class,case,11
p,id,class,case,65
p,id,class,case,11
p,id,class,case,1958
p,id,class,case,12
p,id,class,case,66
p,id,class,case,0
p,id,class,case,1959
p,id,class,case,14
p,id,class,case,66
p,id,class,case,2
p,id,class,case,1960
p,id,class,case,16
p,id,class,case,66
p,id,class,case,4
p,id,class,case,1961
p,id,class,case,18
p,id,class,case,66
p,id,class,case,6
p,id,class,case,1962
p,id,class,case,20
p,id,class,case,66
p,id,class,case,8
p,id,class,case,1963
p,id,class,case,22
p,id,class,case,66
p,id,class,case,10
p,id,class,case,3 If a former Member belonged to the Bundestag for two or more nonconsecutive periods the periods shall be added together With each year of membership of the Bundestag beyond the eighth year the right to receive superannuation benefits shall accrue one year earlier The fourth sentence of section 181 of this Act shall apply mutatis mutandis
p,id,class,case,
p,id,class,case,On the date of the first sitting of the 19th Bundestag the following version of section193 and 4 of this Act shall enter into force
p,id,class,case,
p,id,class,case,Section 19
p,id,class,case,Entitlement to receive superannuation benefits
p,id,class,case,3 If a former Member belonged to the Bundestag for two or more nonconsecutive periods the periods shall be added together The fourth sentence of section 181 of this Act shall apply mutatis mutandis
p,id,class,case,4 Upon application superannuation benefits may be drawn early with effect from the former Members 63rd birthday In this case the superannuation benefits shall be reduced by 03 of a percentage point for each month prior to the pensionable age defined in subsections 1 and 2 above in which superannuation benefits were drawn Reckonability within the meaning of section 29 shall apply to the amount of superannuation benefits reduced pursuant to the second sentence of the present subsection
p,id,class,case,table of contents
p,id,class,case,Section 20Amount of superannuation benefits
p,id,class,case,Superannuation benefits shall be calculated on the basis of Members monthly remuneration section 111 of this Act From 1 January 2008 the rate of increase shall be two and a half per cent of the Members remuneration specified in section111 for each year of membership The maximum rate at which superannuation benefits are payable shall be 675 per cent Time spent in office as President andor one of his or her deputies shall form the basis for the calculation of superannuation benefits pursuant to the first two sentences above the supplementary allowance being added to the Members remuneration specified in section 111 The fourth sentence of section 181 shall apply mutatis mutandis
p,id,class,case,
p,id,class,case,On the date of the first sitting of the 19th Bundestag the following version of the third sentence of section20 of this Act shall enter into force
p,id,class,case,
p,id,class,case,Section 20
p,id,class,case,Amount of superannuation benefits
p,id,class,case,Superannuation benefits shall be calculated on the basis of Members monthly remuneration section 111 of this Act From 1 January 2008 the rate of increase shall be two and a half per cent of the Members remuneration specified in section111 for each year of membership The maximum rate at which superannuation benefits are payable shall be 65 per cent Time spent in office as President andor one of his or her deputies shall form the basis for the calculation of superannuation benefits pursuant to the first two sentences above the supplementary allowance being added to the Members remuneration specified in section 111 The fourth sentence of section 181 shall apply mutatis mutandis
p,id,class,case,table of contents
p,id,class,case,Section 21Reckonability of periods in other Parliaments
p,id,class,case,1 On application periods of service in the Parliament of a constituent state Land of the Federal Republic of Germany shall be regarded as periods of membership within the meaning of section19 of this Act If the conditions for entitlement under this Act are thereby fulfilled superannuation benefits shall be paid
p,id,class,case,2 With regard to the amount of superannuation benefits the provisions of section 20 shall apply mutatis mutandis to each year of actual membership of the Bundestag
p,id,class,case,3 Subject to the submission of an application to the President of the Bundestag by 30June 1996 exclusion deadline periods of membership of the Peoples Chamber Volkskammer of the former German Democratic Republic from the date of acceptance of a mandate after the elections to the Volkskammer for its tenth legislative term until 2 October 1990 shall be regarded as periods of membership of the Bundestag The fourth sentence of section 181 shall apply mutatis mutandis  In the case of an application made under the first sentence above in which a period of membership of the Volkskammer is indicated the application shall be processed retroactively as regards pension expectancy and entitlements accruing during that period of membership
p,id,class,case,table of contents
p,id,class,case,Section 22Damage to health
p,id,class,case,1 If a Member suffered damage to his or her health when serving in the Bundestag except through his or her own gross negligence and if the Members ability to work is thereby permanently and seriously impaired to the extent that that he or she can no longer fulfil his or her mandate or on leaving the Bundestag return to the occupation which he or she had before election to the Bundestag or engage in any other reasonable occupation he or she shall on application and irrespective of the conditions set out in section 19 of this Act receive superannuation benefits with effect from the month in which the application is made the amount of these benefits shall be calculated in accordance with section 20 but shall be no less than 30 per cent of the remuneration payable under section 111 If the damage to the Members health is the result of an accident the assessment basis described in section 20 shall be increased by 20 per cent but shall not exceed the maximum rate for the payment of superannuation benefits
p,id,class,case,2 If a former Member of the Bundestag who irrespective of age fulfils the conditions under section 19 of this Act with regard to length of service suffers damage to health within the meaning of subsection 1 above he or she shall receive superannuation benefits the amount of which shall be determined in accordance with section 20
p,id,class,case,3 The damage to health must be substantiated by a report from a medical institution governed by public law This report shall be superseded by a notice of award in respect of a pension for reduction of earning capacity occupational disability or incapacity for employment or by a notice of invalidity as defined in civilservice law
p,id,class,case,table of contents
p,id,class,case,Section 23Compensatory severance payment
p,id,class,case,1 A Member who on leaving the Bundestag has acquired neither expectancy rights nor entitlement to superannuation benefits under sections 19 to 22 of this Act shall on application receive a compensatory severance payment for the period of his or her membership of the Bundestag It shall be paid in respect of each month of membership of the Bundestag commenced and shall be equal in amount to the maximum contribution to the general pension scheme in each of the months in question plus twenty per cent of the said maximum contribution
p,id,class,case,2 Instead of the severance payment Members who fulfil the conditions defined in subsection 1 above may also apply to buy in the period of their membership of the Bundestag in implementation mutatis mutandis of the provisions of the Sixth Book of the German Social Code Sozialgesetzbuch relating to retroactive insurance
p,id,class,case,3 Subsection 2 above shall apply mutatis mutandis to supplementary retirement and surviving dependants pensions
p,id,class,case,4 Subsection 2 shall not apply if and in so far as the period of membership of the Bundestag has been accounted for or will be accounted for under an insurance scheme governed by public law or in a pension awarded on the basis of service regulations
p,id,class,case,5 Instead of the severance payment referred to in subsection 1 above the period of membership of the Bundestag may on application be counted as a period of reckonable service within the meaning of the legislation governing the pay and pensions of civil servants judges and members of the armed forces
p,id,class,case,6 If a Member has made an application under subsections 1 to 3 or subsection 5 above the accumulation of the qualifying periods of membership specified in section19 of this Act shall be resumed in the event of his or her reentering the Bundestag
p,id,class,case,7 If a former Member dies without having made an application for a compensatory severance payment his or her surviving spouse or if there is no surviving spouse his or her natural or adopted children may make an application in accordance with  subsection 1 above
p,id,class,case,8 Subsections 2 and 4 above shall apply mutatis mutandis to an outgoing Member of the Parliament of a Land if the legislation of the Land provides for a compensatory severance payment within the meaning of subsection 1 above
p,id,class,case,9 If a Member of a Land Parliament loses his or her membership but has no entitlement or accrued rights to a lumpsum payment or regular pension benefits in respect of his or her period of membership subsections 2 and 4 above shall apply mutatis mutandis
p,id,class,case,table of contents
p,id,class,case,Section 24Transitional allowance for surviving dependants
p,id,class,case,1 The surviving dependants of a Member of the Bundestag shall receive the payments provided for by this Act but not yet disbursed on condition that they were due at the time of death The surviving spouse civil partner and offspring shall receive a transitional allowance equal to the amount of Members remuneration payable under section111 of this Act The transitional allowance shall amount to one and a half times the Members remuneration payable under section 111 in cases where the deceased was a Member for more than eight years or more than two electoral terms If there are no surviving dependants within the meaning of the second sentence above the transitional allowance shall be granted to other persons who bore the costs arising from the final illness up to the amount of the expenditure they incurred The amount of transitional allowance payable shall be reduced by 1050 euros with effect from 31March 2004
p,id,class,case,2 The same shall apply in the event of the death of a former Member of the Bundestag who fulfils the conditions relating to duration of membership under section19 of this Act and was not yet receiving superannuation benefits at the time of death
p,id,class,case,table of contents
p,id,class,case,Section 25Surviving dependants pension
p,id,class,case,1 The surviving spouse or civil partner  of a Member or former Member of the Bundestag shall receive sixty per cent of the appropriate superannuation benefits provided the deceased was entitled to superannuation benefits at the time of death or fulfilled the conditions for the award of superannuation benefits
p,id,class,case,2 The surviving spouse or civil partner of a Member or former Member of the Bundestag who irrespective of age fulfilled the conditions relating to duration of membership under section 19 of this Act shall receive sixty per cent of the superannuation benefits the amount of which shall be determined in accordance with section 20
p,id,class,case,3 The natural and adopted children of a former Member who would have received superannuation benefits at the time of his or her death or of a deceased Member or a deceased recipient of superannuation benefits shall each receive an orphans pension If the children are orphans the pension shall amount to twenty per cent of the superannuation benefits referred to in subsections 1 and 2 above if they still have one parent the children shall receive an orphans pension amounting to twelve per cent of the said benefits
p,id,class,case,4 In the event of the death of a Member of the Bundestag who has belonged to the Bundestag for less than fourteen years the surviving spouse shall receive sixty per cent each orphan twenty per cent and each child with one surviving parent twelve per cent of the superannuation benefits payable to a Member with thirteen years reckonable service
p,id,class,case,table of contents
p,id,class,case,Section 25aPensionrights adjustment
p,id,class,case,1 Expectancy rights for each benefit scheme shall be divided between spouses in the event of divorce
p,id,class,case,2 Implementation shall be governed by the Act concerning the Schemebased Sharing of Entitlements in Civilservice Pensions Law Accruing to Federal Civil Servants under Statutory Adjustment of Pension Rights Federal Statutory Pensionsharing Act  Bundesversorgungsteilungsgesetz mutatis mutandis
p,id,class,case,3 The assessment of superannuation benefits shall be effected in accordance with section 39 of the Pension Rights Adjustment Act Versorgungsausgleichgesetz
p,id,class,case,table of contents
p,id,class,case,Section 25bCostsaving measures with regard to pension entitlements
p,id,class,case,1 In the conditions described in section25 of this Act the surviving spouse shall receive fiftyfive per cent of the relevant superannuation benefits This shall not apply in the case of couples married prior to 28December2004 if at least one of the spouses had reached his or her fortieth birthday on or before the date of marriage
p,id,class,case,2 In the case of persons with an entitlement under section 271 of this Act benefits payable under sections 18 19 21 22 and 25 shall be reduced by the half percentage point of annual income referred to in the first sentence of section 551 of the Eleventh Book of the Social Code or by the half percentage point of the income ceiling for the assessment of contributions to nursingcare insurance section 552 of the Eleventh Book of the Social Code referred to in the first sentence of section 551 of the Eleventh Book of the Social Code whichever is the lesser
p,id,class,case,3 With effect from the first adjustment to Members remuneration under section111 of this Act after 28December2004 the assessment rate used in the calculation of superannuation benefits accruing up to 31 December2007 shall be reduced by half a percentage point for each year of membership up to and including the fourth adjustment
p,id,class,case,4 With effect from the first adjustment to the notional assessment figure for superannuation benefits under the third sentence of section 35a2 of this Act the assessment rate used pursuant to section 20 in the calculation of superannuation benefits payable under Parts Five and Nine of this Act as amended prior to 22 December 1995 shall be reduced by half a percentage point for each year of membership up to and including the eighth adjustment
p,id,class,case,5For Members who belong to the Bundestag in the 16th andor subsequent electoral terms section293 shall also apply mutatis mutandis to private earned income until they reach the age specified insection 191 or 2 as appropriate
p,id,class,case,table of contents
p,id,class,case,Section 26Application of civilservice regulations
p,id,class,case,Without prejudice to any contrary provision contained in this Act the provisions of  pensions legislation relating to federal civil servants shall be applied mutatis mutandis Section 538 of the Civil Service Benefits Act Beamtenversorgungsgesetz shall apply mutatis mutandis to the concept of employment in the public service within the meaning of the present section
p,id,class,case,table of contents
p,id,class,case,Part SixSubsidisation of costs in the event of illness nursing care and births assistance
p,id,class,case,table of contents
p,id,class,case,Section 27Subsidisation of costs in the event of illness nursing care and births
p,id,class,case,1 Members of the Bundestag shall receive a grant towards necessary costs incurred as a result of illness nursing care and births in application mutatis mutandis of the provisions applicable to federal civil servants This shall also apply to recipients of pensions awarded under this Act provided that they do not have a right to claim assistance on the basis of a contract of employment or membership of another legislative body and that the right to make such a claim against the Bundestag under this Act has not been waived in writing
p,id,class,case,2 Instead of the entitlement to a grant under subsection 1 above Members and recipients of pensions shall receive a subsidy towards their healthinsurance contributions if their employer does not make contributions pursuant to Section 249 of the Fifth Book of the Social Code or if there is no entitlement to a contribution subsidy under section 257 of the Fifth Book of the Social Code Members of the statutory healthinsurance scheme who receive a pension from the statutory pensions scheme and who either pay only half of the healthinsurance contribution pursuant to section 249a of the Fifth Book of the Social Code or who receive a contribution subsidy pursuant to section 106 of the Sixth Book of the Social Code shall not receive a subsidy towards this pensionrelated healthinsurance contribution The subsidy shall be half of the healthinsurance contribution paid from the individuals own means by analogy with section 249 of the Fifth Book of the Social Code For those not insured exclusively by a statutory healthinsurance fund as defined in section 4 of the Fifth Book of the Social Code the maximum amount of the subsidy shall be half of the amount specified in section 249 of the Fifth Book of the Social Code
p,id,class,case,3 The entitlement to the subsidy towards healthinsurance contributions under subsection 2 above shall include for Members of the Bundestag entitlement to a sunsidy amounting to half of the contributions to private nursingcare insurance paid from an individuals own means or half of the maximum contribution to the state nursingcare insurance scheme whichever is the lesser The subsidy shall not include the contribution supplement for childless persons prescribed by section 55 of the Eleventh Book of the Social Code
p,id,class,case,4 The decision as to whether the Member wishes to claim the subsidy under subsection 2 above instead of the benefits under subsection 1 must be notified to the President of the Bundestag within four months from the date on which the election result was established by the Federal Electoral Committee first sentence of section 422 of the Federal Electoral Act Bundeswahlgesetz or on which a permanent civil servant accepted his or her mandate the decision shall be irrevocable for the duration of the electoral term Recipients of pensions must inform the President of their decision within four months of delivery of the notice of pension award they shall remain bound by their decision
p,id,class,case,table of contents
p,id,class,case,Section 28Assistance
p,id,class,case,In special cases the President may grant assistance in the form of a single lump sum to a Member of the Bundestag and assistance in the form of a single lump sum or a regular maintenance allowance to a former Member and his or her surviving dependants
p,id,class,case,table of contents
p,id,class,case,Part SevenReckonability of concurrent benefits from public funds
p,id,class,case,table of contents
p,id,class,case,Section 29Reckonability of concurrent benefits from public funds
p,id,class,case,1 If a Member of the Bundestag in addition to the remuneration referred to in section 11 of this Act is also entitled to receive income in respect of the tenure of public office or from employment in the public service the remuneration payable under section 11 shall be reduced by fifty per cent the amount of the reduction may not however exceed thirty per cent of the said income The same shall apply to income from the tenure of public office or from employment in the public service with an intergovernmental or international institution The Members remuneration shall be suspended in full where there is a concurrent entitlement to remuneration under the act of a Land concerning the legal status of Members of its Parliament The payments referred to in the second and third sentences above shall not be reckonable if the legislation of the relevant Land or the rules of the relevant intergovernmental or international institution already provide for deduction in respect of the income or suspension of remuneration payable for exercising a mandate in the Land Parliament
p,id,class,case,2 Where there is a concurrent entitlement to Members remuneration under section111 of the present Act pension benefits to which a Member is entitled by virtue of the tenure of public office or employment in the public service shall be partially suspended the suspended entitlement corresponding to eighty per cent of the said pension benefits or the amount of remuneration payable under section 111 and 3 whichever is the lesser The same shall apply mutatis mutandis to fifty per cent of the amount of pensions within the meaning of the second sentence of section 551 of the Civil Service Benefits Act Beamtenversorgungsgesetz with the exception of pensions from a compulsory insurance scheme if payable to an exempted person who opted into the scheme on application pursuant to section 42 of Book Six of the Social Code section 553 and 4 of the Civil Service Benefits Act shall be applied mutatis mutandis The transitional emoluments payable under the Federal Ministers Act Gesetz ber die Rechtsverhltnisse der Mitglieder der Bundesregierung and the Parliamentary State Secretaries Act Gesetz ber die Rechtsverhltnisse der Parlamentarischen Staatssekretre which remain after the application of the other provisions on the reckonability and suspension of benefits shall be suspended from the second month after departure from office if there is a concurrent entitlement to Members remuneration under section 11 If entitlement to a pension as defined in the first or second sentences above is founded on the law of a Land the suspension of the pension entitlement shall be superseded by the suspension of an amount of Members remuneration to be determined on the basis of the first or second sentence above The same shall apply mutatis mutandis to pension entitlements deriving from the tenure of office or from employment in the public service with an intergovernmental or international institution
p,id,class,case,3 Where there is a concurrent entitlement to income from the tenure of public office or from employment in the public service entitlement to pension benefits under this Act shall be partially suspended the suspended entitlement corresponding to fifty per cent of the amount by which the pension entitlements plus the income exceed the amount of Members remuneration payable under section 111 of this Act The same shall apply mutatis mutandis to income from the tenure of public office or employment in the public service with an intergovernmental or international institution
p,id,class,case,4 Where there is a concurrent entitlement to pension benefits arising from the tenure of public office or from employment in the public service entitlement to pension benefits under the present Act shall be partially suspended the suspended entitlement corresponding to fifty per cent of the amount by which the pension benefits under the present Act plus those arising from the tenure of public office or from employment in the public service exceed the amount of Members remuneration payable under Section 111 of the present Act The same shall apply mutatis mutandis in the case of the receipt of a pension arising from the tenure of public office or employment in the public service with an intergovernmental or international institution Pensions within the meaning of the second sentence of section 551 of the Civil Service Benefits Act Beamtenversorgungsgesetz shall be set off in the same way with the exception of pensions from a compulsory insurance scheme if payable to an exempted person who opted into the scheme on application pursuant to section 42 of Book Six of the Social Code the fourth and fifth sentences of section 551 as well as subsections 3 4 and 8 of the Civil Service Benefits Act shall apply mutatis mutandis
p,id,class,case,5 Where there is a concurrent entitlement to remuneration arising from membership of the Bundestag of the European Parliament or of the Parliament of a Land entitlement to pension benefits under this Act shall be partially suspended the suspended entitlement corresponding to the amount by which this remuneration exceeds the Members remuneration payable under Section 111 of this Act
p,id,class,case,6 Where there is a concurrent entitlement to pension benefits arising from membership of the Bundestag or of the Parliament of a Land entitlement to pension benefits under this Act shall be partially suspended the suspended entitlement corresponding to the amount by which the latter benefits exceed the maximum pension benefits payable under this Act Where there is a concurrent entitlement to pension benefits arising from membership of the European Parliament entitlement to pension benefits under this Act shall be partially suspended the suspended entitlement corresponding to the amount of the European Parliament pension unless the European Parliament has already specified that the pension benefits payable under this Act are to be set off against its own pensions
p,id,class,case,7 Except in the case of the pensions referred to in the third sentence of subsection4 above only the noncontributory element of pension benefits shall be reckonable Subsections 1 to 4 shall not apply to payments made under the Special Payments Bundessonderzahlungsgesetz or to equivalent benefits based on the legislation of a Land or on collective agreementsIn the application of subsections 1 to 4 above expense allowances accident compensation holiday pay and nonrecurring payments shall be disregarded
p,id,class,case,8 In the assessment of the reckonability ceilings defined in subsections 3 to 6 above due account shall be taken of the supplementary allowance referred to in section 112 of this Act
p,id,class,case,9 Employment in the public service and the intergovernmental or international institutions referred to in the present provision shall be defined in accordance with section 538 of the Civil Service Benefits Act and the provisions enacted in connection therewith
p,id,class,case,table of contents
p,id,class,case,Part EightGeneral provisions
p,id,class,case,table of contents
p,id,class,case,Section 30repealed
p,id,class,case,table of contents
p,id,class,case,Section 31Waiver transferability
p,id,class,case,A waiver of the Members remuneration referred to in section 11 of this Act and the benefits referred to in section 12 and in Part Five with the exception of section 18 is  not permissible The entitlements deriving from section 12 are not transferable No more than half of the entitlement to Members remuneration under section 11 is transferable In all other respects the provisions of sections 850 et seq of the Code of Civil Procedure Zivilprozessordnung shall apply
p,id,class,case,table of contents
p,id,class,case,Section 32Commencement and expiry of entitlements payment provisions
p,id,class,case,1 The entitlements established by sections 11 12 16 27 and 28 of this Act shall take effect from the date on which the Federal Electoral Committee establishes the result of the election first sentence of section 422 of the Federal Electoral Act or in the case described in section 453 of the Federal Electoral Act from the date on which the Member accepts his or her mandate even if the electoral term of the previous Bundestag has not yet expired Expenditure related to the exercise of a mandate which an elected constituency candidate or a candidate elected from an electoral list in a Land incurs between the election date and the date on which the Federal Electoral Committee establishes the result of the election first sentence of section 422 of the Federal Electoral Act or in the case described in section 453 of the Federal Electoral Act from the date on which the Member accepts his or her mandate in connection with the assembly of the new Bundestag shall also be reimbursed
p,id,class,case,2 Outgoing Members shall receive the Members remuneration payable under section 11 of this Act until the end of the month of severance and the monetary benefits referred to in section 122 until the end of the following month Entitlements under section 16 shall expire fourteen days after the date of severance from the Bundestag
p,id,class,case,3 Reimbursement for the employment of staff shall be paid up to the end of the  month in which the electoral term expires If a Member leaves the Bundestag during the electoral term expenditure on the employment of staff shall be reimbursed until the end of the fifth month after the date of severance at the latest unless the employment is terminated at an earlier date
p,id,class,case,4 Superannuation benefits shall be awarded from the first day of the month following the event giving rise to the entitlement until the end of the month in which the entitled person dies
p,id,class,case,5 Entitlement to superannuation benefits shall be suspended during the period of entitlement to transitional allowance
p,id,class,case,6 Superannuation benefits under this Act shall not be paid if the Member or former Member loses or would lose his or her membership of the Bundestag on the basis of Section 1522 of the Federal Electoral Act Section 23 of the present Act shall apply for the period of membership of the Bundestag
p,id,class,case,7 With regard to Members who leave the Bundestag after this Act has come into force section 27 of this Act shall apply for the period of their entitlement to a transitional allowance under section 18 or six months whichever is the greater
p,id,class,case,8 The Members remuneration payable under section 11 and the monetary benefits payable under section 122 and sections 20 to 27 shall be paid monthly in advance If they are only payable in part one thirtieth shall be paid for each calendar day section33 shall apply mutatis mutandis
p,id,class,case,table of contents
p,id,class,case,Section 33repealed
p,id,class,case,table of contents
p,id,class,case,Section 34Implementing provisions
p,id,class,case,1 Provided federal legislation empowers it to do so the Council of Elders may issue implementing provisions relating to the legal status of Members of the Bundestag which shall be published by the President in the Official Handbook of the German Bundestag
p,id,class,case,2 The Council of Elders may issue general administrative provisions relating to this Act
p,id,class,case,3 The President shall publish the amount of the expense allowance in an annex to the Act on the Legal Status of Members of the Bundestag in the Official Handbook of the German Bundestag
p,id,class,case,table of contents
p,id,class,case,Part NineTransitional provisions
p,id,class,case,table of contents
p,id,class,case,Section 35Transitional provisions in respect of the Eleventh Act Amending the Act on the Legal Status of Members of the Bundestag
p,id,class,case,
p,id,class,case,1 The present Act shall apply without prejudice to pension entitlements and expectancy rights predating the entry into force of the Eleventh Amendment Act Section 294 of the present Act shall apply The first and second sentences above shall apply mutatis mutandis to surviving dependants of a recipient of superannuation benefits if the latter dies after the entry into force of the  Eleventh Amendment Act
p,id,class,case,2 Pension entitlements and expectancy rights of former Members of the Bundestag who fulfilled the conditions relating to duration of membership prior to the entry into force of the Eleventh Amendment Act and those of their surviving dependants shall be governed by the law hitherto in force Section 294 of the present Act shall apply The first and second sentences above shall apply mutatis mutandis to Members of the Bundestag who belong to the Bundestag or to the Parliament of a Land prior to the entry into force of the Eleventh Amendment Act as well as to their surviving dependants
p,id,class,case,3 Former Members of the Bundestag who reenter the Bundestag after the entry into force of the Eleventh Amendment Act and who fulfil the conditions set out in sections19 and 21 of the present Act prior to the amendment shall receive superannuation benefits under the law hitherto in force subject to the proviso that four per cent of the remuneration referred to in section 111 shall be awarded for each year of membership after the entry into force of the Eleventh Amendment Act until the maximum rate of superannuation benefits is reached Section 294 shall apply The first and second sentences above shall apply mutatis mutandis to surviving dependants
p,id,class,case,4 The pension expectancy arising under subsection 1 to 3 of the law hitherto in force shall form the basis of assessment for the pension entitlement if it is higher than the pension expectancy arising under this Act
p,id,class,case,table of contents
p,id,class,case,Section 35aTransitional provisions in respect of the Nineteenth Amendment Act
p,id,class,case,1 The provisions of Parts Five and Nine of this Act in force up to 22 December 1995 shall continue to apply to Members who belonged to the Bundestag on 22December 1995 former Members of the Bundestag and their surviving dependants Section 25 b 1 2 and 5 shall apply mutatis mutandis
p,id,class,case,2 In those cases referred to in subsection 1 above a notional assessment figure shall apply instead of the Members remuneration payable under section 11 of this Act The assessment figure for transitional emoluments shall be set at 5301 euros The notional assessment figure for superannuation benefits shall be set at 11683Deutsche Mark with effect from 1 July 2000 at 11868 Deutsche Mark with effect from 1 January 2001 at 6165 euros with effect from 1 January 2002 at 6263 euros with effect from 1 January 2003 at 6411 euros with effect from 1January2008 at 6555 euros with effect from 1January2009 at 6805 euros with effect from 1January2012 at 7055 euros with effect from 1January2013 at 7410 euros with effect from 1July2014 and at 7765 euros with effect from 1January2015 For subsequent adjustments the adjustment factor shall be determined on the basis of the procedure prescribed in section114 and 5 of this Act
p,id,class,case,3 Where section 29 applies to pension entitlements under this Act the notional assessment figure for the superannuation benefits referred to in subsection 2 above shall also be used as a basis in the cases referred to in subsection 1 above instead of the Members remuneration payable under section 11
p,id,class,case,4 Members of the thirteenth German Bundestag to whom subsection 1 above applies may opt for the provisions of Part Five as amended by the Nineteenth Amendment Act to be applied until their retirement from the Bundestag This decision shall be binding In the event that a Member dies prior to exercising his or her option the more favourable version shall apply
p,id,class,case,table of contents
p,id,class,case,Section 35bTransitional provisions in respect of the Twentyseventh Amendment Act
p,id,class,case,1 The provisions of Parts Five and Nine of this Act in force up to 31December2007 shall apply to entitlements and expectancy rights accruing to  Members of the Bundestag former Members of the Bundestag and their surviving dependants up to 31December2007 Section 191 and 2 the third sentence of section 20 and section 25b3 shall apply mutatis mutandis
p,id,class,case,2 In those cases referred to in subsection 1 above a separate notional assessment figure shall apply instead of the Members remuneration payable under section 11 of this Act This notional assessment figure shall be set at 7174 euros with effect from 1January2008 at 7335 euros with effect from 1January2009 at 7615 euros with effect from 1January2012 at 7895 euros with effect from 1January2013 at 8292 euros with effect from 1July2014 and at 8689 euros with effect from 1January2015 The foregoing provisions shall be without prejudice to section 35a For subsequent adjustments the adjustment factor shall be determined on the basis of the procedure prescribed in section114 and 5 of this Act
p,id,class,case,3 The minimum period prescribed in section 19 of this Act as amended prior to the entry into force of the Twentyseventh Amendment Act shall not apply to the assessment of entitlements and expectancy rights of Members of the 16th Bundestag under subsection 1 above
p,id,class,case,4 Where section 29 applies to pension entitlements under this Act the notional assessment figure for the superannuation benefits referred to in subsection 2 above shall also be applied in the cases referred to in subsection 1 above instead of the Members remuneration payable under section 11 In cases in which the pension entitlements derive partly from the new legislation and partly from subsection 1 above these parts shall be calculated with due regard to the figures obtained by applying the respective percentage ratios with which pensions are calculated on the basis of the notional assessment figure prescribed in subsection 2 above and the remuneration prescribed by section11
p,id,class,case,table of contents
p,id,class,case,Section 35cTransitional provisions in respect of the Thirtieth Amendment Act
p,id,class,case,The provisions of Parts Five and Nine of this Act in force on the day of the first sitting of the 19th Bundestag shall apply to entitlements and expectancy rights accruing to Members of the Bundestag former Members of the Bundestag and their surviving dependants up to the date of the first meeting of the 19th Bundestag The foregoing provision shall be without prejudice to sections 35a and 35b of this Act
p,id,class,case,table of contents
p,id,class,case,Section 36Transitional provisions for public servants
p,id,class,case,1 A civil servant who has retired on the basis of the Act of 11 May 1951 on the Legal Status of Public Servants Elected to the First German Bundestag Gesetz ber die Rechtsstellung der in den ersten Deutschen Bundestag gewhlten Angehrigen des ffentlichen Dienstes  Federal Law Gazette I p 297 or on the basis of the Act of 4 August 1953 on the Legal Status of Public Servants Elected to the German Bundestag Gesetz ber die Rechtsstellung der in den Deutschen Bundestag gewhlten Angehrigen des ffentlichen Dienstes  Federal Law Gazette I p 777 as amended by the Act of 21 August 1961 Federal Law Gazette I p 1557 or on the basis of corresponding legislation of a Land and who was elected to the eighth Bundestag or to a later Bundestag shall be regarded as having been reappointed as a civil servant on simultaneous suspension of his or her rights and duties section 51 of the present Act with effect from the date of acceptance of election or from the date of entry into force of the present Act whichever is the later provided that he or she still fulfils the general conditions for appointment as a civil servant In all other respects the entitlements accruing prior to the entry into force of the present Act under section 4 and the last sentence of section 4a of the Act of 4 August 1953 on the Legal Status of Public Servants elected to the German Bundestag shall be preserved
p,id,class,case,2 Subsection 1 above shall apply mutatis mutandis to judges to career members and fixedterm volunteer members of the armed forces and to publicservice employees
p,id,class,case,3 In the case of former Members of the Bundestag entitlements accruing under the Act of 4 August 1953 on the Legal Status of Public Servants elected to the German Bundestag shall be preserved
p,id,class,case,table of contents
p,id,class,case,Section 37Pensions for Members who retired prior to 1968
p,id,class,case,On application the President shall award superannuation benefits and a surviving dependants pensions pursuant to the Act governing the Remuneration of Members of the Bundestag 1968 Ditengesetz 1968 dated 3 May 1968 Federal Law Gazette I p 334 as amended by Article VIII of the Act of 18 February 1977 Federal Law Gazette I p 297 to a former Member who retired from the Bundestag prior to 1January 1968 and to his or her surviving dependants with effect from the first day of the month of application
p,id,class,case,table of contents
p,id,class,case,Section 38Pensions for periods prior to the entry into force of this Act
p,id,class,case,1 A Member of the Bundestag who leaves during the period between 1 January 1968 and the date of entry into force of the present Act and his or her surviving dependants shall receive a pension under the Act governing the Remuneration of Members of the Bundestag 1968
p,id,class,case,2 A Member of the Bundestag who belonged to the Bundestag prior to the date of entry into force of this Act and did not leave the Bundestag until after that date shall receive superannuation benefits in accordance with this Act his or her membership prior to the entry into force of this Act shall be reckonable service for the assessment of these benefits
p,id,class,case,3 Instead of the superannuation benefits awardable under subsection 2 above the individuals own contributions to superannuation benefits and the surviving dependants pension under section 4 of the Act governing the Remuneration of Members of the Bundestag 1968 Ditengesetz 1968 shall be reimbursed on application without payment of interest In the latter case periods of membership of the Bundestag prior to the entry into force of the present Act shall not be taken into consideration in the determination of the superannuation benefits payable under this Act In the cases described in section 23 of this Act only half of the compensatory severance payment shall be awarded
p,id,class,case,4 Instead of the superannuation benefits awardable under subsection 2 above a Member of the Bundestag who fulfils the conditions of section 51 and section 7a1 of the Act governing the Remuneration of Members of the Bundestag 1968 shall receive on application a retirement pension under the said Act for the period of membership of the Bundestag prior to the entry into force of the present Act for the period after the entry into force of the present Act came into force superannuation benefits under this Act shall be awarded subject to the proviso that five per cent of the Members remuneration under section 111 is paid for each year of membership The qualifying periods before and after the entry into force of this Act may not exceed sixteen years The same shall apply in respect of surviving dependants
p,id,class,case,5 The application referred to in subsections 3 and 4 above must be made to the President of the Bundestag within six months from the entry into force of this Act
p,id,class,case,table of contents
p,id,class,case,Section 38a
p,id,class,case,1 On application recipients of pensions awarded under sections 37 and 381 of this Act shall receive a pension in accordance with Part Five instead of their current pension The same applies to former Members who belonged to the Bundestag for at least six years before the entry into force of this Act and their surviving dependants The last sentence of section 181 shall apply mutatis mutandis
p,id,class,case,2 Section 384 shall apply mutatis mutandis to former Members who left the Bundestag prior to 1 April 1977 and subsequently reentered The application must be made to the President of the Bundestag within six months from the date of reentry into the German Bundestag The same shall apply in respect of surviving dependants
p,id,class,case,table of contents
p,id,class,case,Section 38bSurviving dependants pension in the event of the death of a serving Member of the Bundestag
p,id,class,case,On application surviving dependants as defined in section 254 of the present Act whose insured event occurred during the period between 1 April 1977 and the date of entry into force of the Seventh Amendment Act shall receive a pension under section254 of the present Act with effect from the first day of the month of application
p,id,class,case,table of contents
p,id,class,case,Section 39Reckonability of previous pension benefits
p,id,class,case,1 In accordance with section 10 of the Act governing the Remuneration of Members of the Bundestag 1968 Ditengesetz 1968 pension benefits payable under that Act shall not be reckonable benefits for the purposes of section 293 and 4 of the present Act
p,id,class,case,2 Where there is a concurrent entitlement to remuneration or a pension arising from membership of the Parliament of a Land section 295 and 6 of the present Act only the noncontributory element of pension benefits payable under the Act governing the Remuneration of Members of the Bundestag 1968 shall be reckonable Periods credited under section 21 of the Act governing the Remuneration of Members of the Bundestag 1968 shall be regarded as contribution periods
p,id,class,case,table of contents
p,id,class,case,Section 40Reduced compensatory severance payment
p,id,class,case,For periods of membership to which the Act governing the Remuneration of Members of the Bundestag 1968 Ditengesetz 1968 applies half of the compensatory severance payment under section 23 of the present Act shall be awarded In this case the Members own insurance contributions under section 4 of the Act governing the Remuneration of Members of the Bundestag 1968 shall be reimbursed on application
p,id,class,case,table of contents
p,id,class,case,Section 41Continuation of life assurance
p,id,class,case,Lifeassurance policies in existence on the entry into force of this Act shall be continued subject to reduction of superannuation benefits and widows or widowers pension in accordance with the number and amount of monthly contributions made by the policyholder to the lifeassurance fund since 1 January 1968
p,id,class,case,table of contents
p,id,class,case,Section 42Conversion or cancellation of life assurance
p,id,class,case,1 A Member or former Member of the Bundestag who has opted for the continuation of insurance at the expense of the Federal Republic under section 20 of the Act governing the Remuneration of Members of the Bundestag 1968 Ditengesetz 1968 may convert or cancel the lifeassurance policy
p,id,class,case,2 In the case of conversion there is the option of continuation at the individuals own expense or of noncontributory insurance subject to reduction of superannuation benefits and widows or widowers pension in accordance with the number and amount of monthly contributions made by the policyholder to the lifeassurance fund from 1 January 1968 until the end of the month in which the policy was converted or until the award of superannuation benefits
p,id,class,case,3 In the event of cancellation of the insurance policy the insured person shall be reimbursed with the redemption value based on his or her own contributions
p,id,class,case,table of contents
p,id,class,case,Section 43Continued payment of transitional emoluments
p,id,class,case,A former Member of the Bundestag receiving Members allowances under the Act governing the Remuneration of Members of the Bundestag 1968 Ditengesetz 1968 at the time of entry into force of the present Act shall retain this entitlement
p,id,class,case,table of contents
p,id,class,case,Section 44Reckonable service for transitional emoluments
p,id,class,case,Periods of Membership of the Bundestag prior to the entry into force of this Act shall count towards the period for which transitional emoluments are payable
p,id,class,case,table of contents
p,id,class,case,Part TenIndependence of Members of the Bundestag
p,id,class,case,table of contents
p,id,class,case,Section 44aExercise of the mandate
p,id,class,case,1 The exercise of the mandate of a Member of the Bundestag shall be central to his or her activity Without prejudice to this obligation activities of a professional or other nature alongside the exercise of the mandate are permissible in principle
p,id,class,case,2 For the exercise of his or her mandate a Member of the Bundestag may not accept any consideration besides those for which the law provides or any other pecuniary benefit In particular it is inadmissible to accept money or allowances with monetary value which are only granted in the expectation that the interests of the payer will be represented and asserted in the Bundestag It is also inadmissible for a Member of the Bundestag to accept money or allowances with monetary value if he or she does not render an appropriate service in return The foregoing provisions shall be without prejudice to the receipt of donations
p,id,class,case,3 Considerations or pecuniary benefits which are inadmissible under paragraph 2 above or their monetary equivalent shall be payable to the federal budget The President shall assert this entitlement by means of an administrative act provided that a period of three years has not elapsed since the receipt of the consideration or pecuniary benefit Loss of membership of the Bundestag shall not affect this entitlement Details shall be regulated in the Code of Conduct pursuant to section 44b of this Act
p,id,class,case,4 Activities predating the acceptance of the mandate and activities concurrent with the exercise of the mandate which may indicate combinations of interests with implications for the exercise of the said mandate shall be disclosed and published in accordance with the Code of Conduct section 44b If disclosable activities or income are not reported the Presidium may impose an administrative penalty of up to half of the annual Members remuneration The President shall affirm the penalty by means of an administrative act The foregoing provisions shall be without prejudice to section 31 of the present Act Details shall be regulated in the Code of Conduct pursuant to section 44b of this Act
p,id,class,case,5 In the case of a nonminor breach of order or failure to respect the dignity of the Bundestag during its sittings the President may impose a fine of 1000 euros on a Member of the Bundestag Any repetition shall result in an increase in the fine to 2000 euros In the case of a serious breach of order or failure to respect the dignity of the Bundestag a Member may be ordered to leave the Chamber for the remainder of the sitting and suspended from taking part in sittings of the Bundestag and meetings of its bodies for up to 30 sitting days Details shall be regulated in the Rules of Procedure of the Bundestag
p,id,class,case,table of contents
p,id,class,case,Section 44bCode of Conduct
p,id,class,case,The Bundestag shall lay down its own Code of Conduct which must include provisions relating to
p,id,class,case,1cases in which there is an obligation to disclose  activities pursued prior to membership of the Bundestag and activities pursued concurrently with the exercise of the mandate
p,id,class,case,2cases where there is a duty to disclose the type and amount of income where a specified minimum amount is exceeded
p,id,class,case,3the duty to keep separate account and disclose donations where  specified minimum amounts are exceeded
p,id,class,case,4the publication of particulars in the Official Handbook and on the Internet
p,id,class,case,5procedure as well as the rights and duties of the Presidium and President in respect of decisions under section 44a3 and 4 of this Act
p,id,class,case,table of contents
p,id,class,case,Section 44cScreening for activity or political responsibility for the Ministry of State SecurityOffice of National Security of the former German Democratic Republic
p,id,class,case,1 Members of the Bundestag may apply to the President in writing for screening measures to establish whether or not they were fulltime employees or unofficial assistants or exercised political responsibility for the State Security Service of the former German Democratic Republic
p,id,class,case,2 Screening may take place without consent if the Committee on the Scrutiny of Elections Immunity and the Rules of Procedure has established the existence of concrete grounds for suspecting such activity or responsibility
p,id,class,case,3 In cases referred to in subsections 1 and 2 above the procedure shall be conducted by the Committee on the Scrutiny of Elections Immunity and the Rules of Procedure
p,id,class,case,4 The German Bundestag shall compile guidelines prescribing the procedure for establishing whether or not Members were employed by or exercised responsibility for the Ministry of State SecurityOffice of National Security of the former German Democratic Republic
p,id,class,case,table of contents
p,id,class,case,Section 44dDuty of confidentiality and authority to make a statement
p,id,class,case,1 Even after the end of their term of office Members of the German Bundestag may not testify or make a statement without consent either in or out of court in relation to matters which are confidential under statutory provisions or under the Rules of Procedure of the German Bundestag
p,id,class,case,2 The President of the German Bundestag shall be responsible for granting consent If authorities outside the German Bundestag have been involved in originating the matter which is to be kept confidential consent may be granted only with their agreement
p,id,class,case,3 Consent may only be refused if the testimony or statement would adversely affect the welfare of the Federal Republic or a Land or would seriously jeopardise or substantially impair the performance of public duties
p,id,class,case,table of contents
p,id,class,case,Part ElevenParliamentary groups
p,id,class,case,table of contents
p,id,class,case,Section 45Creation of a parliamentary group
p,id,class,case,1 Members of the Bundestag may form themselves into parliamentary groups
p,id,class,case,2 Further details are provided by the Rules of Procedure of the German Bundestag
p,id,class,case,table of contents
p,id,class,case,Section 46Legal status
p,id,class,case,1 The parliamentary groups are associations of Members of the German Bundestag with legal capacity
p,id,class,case,2 The parliamentary groups may sue and be sued
p,id,class,case,3 The parliamentary groups do not form part of the public administration they do not exercise governmental authority
p,id,class,case,table of contents
p,id,class,case,Section 47Duties
p,id,class,case,1 The parliamentary groups shall assist in the performance of the duties of the German Bundestag
p,id,class,case,2 The parliamentary groups may work together with parliamentary groups or parties in other parliaments and with parliamentary institutions both nationally and internationally
p,id,class,case,3 The parliamentary groups and their members may inform the public of their activities
p,id,class,case,table of contents
p,id,class,case,Section 48Organisation
p,id,class,case,1 The parliamentary groups are under an obligation to arrange their organisational structure and working methods in accordance with the principles of parliamentary democracy and to align them with the said principles
p,id,class,case,2 The parliamentary groups shall enact their own Rules of Procedure
p,id,class,case,table of contents
p,id,class,case,Section 49Duty of confidentiality of employees of the parliamentary groups
p,id,class,case,1 Even after the termination of their employment contracts employees of the parliamentary groups shall be dutybound to treat as confidential all matters which have become known to them during the course of their work This does not apply to facts which are obvious or whose significance does not merit confidentiality
p,id,class,case,2 Even after the termination of their employment contracts employees of the parliamentary groups may not testify or make a statement on such matters without consent either in or out of court The chairman of the relevant parliamentary group shall be responsible for granting consent
p,id,class,case,3 The provisions of subsections 1 and 2 above shall apply without prejudice to the statutory duty to report crimes and to uphold the basic principles of democracy in the event of their being endangered
p,id,class,case,table of contents
p,id,class,case,Section 50Monetary benefits and benefits in kind
p,id,class,case,1 For the purpose of performing their duties the parliamentary groups shall be entitled to monetary benefits and benefits in kind from the federal budget
p,id,class,case,2 The monetary benefits shall comprise a basic grant for each parliamentary group an amount for each Member and an additional sum for each group which is not in government Opposition supplement The amount of these grants and of the Opposition supplement shall be determined annually by the Bundestag In consultation with the Council of Elders the President shall draft a report for presentation to the Bundestag by 30 September each year relating to the reasonableness of the grants and of the Opposition supplement and shall at the same time submit adjustment proposals
p,id,class,case,3 The benefits in kind shall be provided for use in accordance with the Finance Act Haushaltsgesetz
p,id,class,case,4 Benefits provided under subsection 1 above may only be used by the parliamentary groups for duties incumbent upon them by virtue of the Basic Law Grundgesetz the present Act and the Rules of Procedure Geschftsordnung of the German Bundestag The use of these benefits for partypolitical purposes is not permitted
p,id,class,case,5 Monetary benefits payable under subsection 1 above may be carried forward to the next accounting period
p,id,class,case,table of contents
p,id,class,case,Section 51Budgetary and economic management accounting
p,id,class,case,1 Details of budgetary and economic management shall be prescribed in implementing provisions issued by the Council of Elders after consultation with the Federal Audit Office Bundesrechnungshof
p,id,class,case,2 The parliamentary groups must keep accounts showing the income expenditure and assets they are required to record These shall be kept in accordance with the principles of orderly accounting and with regard for the purpose of this Act
p,id,class,case,3 Items purchased from the monetary benefits under section 501 except items  intended for use in the short term and inexpensive items must be identified and listed in a supporting document
p,id,class,case,4 The accounts must be stored for five years
p,id,class,case,table of contents
p,id,class,case,Section 52Rendering of accounts
p,id,class,case,1 The parliamentary groups shall be publicly accountable for the origin and use of the resources accruing to them under section 501 of this Act in each calendar year accounting year
p,id,class,case,2 The account shall be set out as follows
p,id,class,case,1Income
p,id,class,case,aMonetary benefits received pursuant to section 501 of this Act
p,id,class,case,bOther income
p,id,class,case,2Expenditure
p,id,class,case,aTotal payments to group members for performing special functions within the group
p,id,class,case,bTotal personnel expenditure on group staff
p,id,class,case,cExpenditure on events
p,id,class,case,dExperts fees court costs and similar expenditure
p,id,class,case,eExpenditure on collaboration with parliamentary groups and parties in other parliaments
p,id,class,case,fExpenditure on publicrelations activities
p,id,class,case,gExpenditure on routine business activities
p,id,class,case,hInvestment expenditure
p,id,class,case,iOther expenditure
p,id,class,case,3 The accounts must identify the assets acquired using funds received under section501 and the reserves formed from these funds as well as debts and liabilities The asset and liability statement shall be set out as follows
p,id,class,case,1Assets
p,id,class,case,aMonetary holdings
p,id,class,case,bOther assets
p,id,class,case,cAccruals and deferrals
p,id,class,case,2Liabilities
p,id,class,case,aReserves
p,id,class,case,bProvisions
p,id,class,case,cLiabilities to financial institutions
p,id,class,case,dOther liabilities
p,id,class,case,eAccruals and deferrals
p,id,class,case,4 The statement must be examined by an auditor chartered accountant or chartered accountancy firm appointed in consultation with the Federal Audit Office to ensure that it complies with subsections 2 and 3 above and it must bear an auditors endorsement to that effect The audited statement shall be submitted to the President of the German Bundestag no later than six months after the end of the calendar year or month in which the monetary benefits referred to in section 501 of this Act were last paid The President of the German Bundestag may extend the deadline by up to three months for exceptional reasons The audited statement shall be distributed as a Bundestag printed paper
p,id,class,case,5 For as long as a parliamentary group defaults on submission of the statement the monetary benefits and benefits in kind payable under section 501 shall be withheld
p,id,class,case,table of contents
p,id,class,case,Section 53Auditing of accounts
p,id,class,case,1 The Federal Audit Office shall audit the accounts as well as the monetary benefits and benefits in kind with which the parliamentary groups have been provided under section 501 of this Act in order to ensure that they have been used economically and properly in accordance with the implementing provisions issued under section 511
p,id,class,case,2 During the audit due consideration shall be given to the legal status and duties of the parliamentary groups The political necessity of any measure carried out by the groups shall not form part of the audit
p,id,class,case,table of contents
p,id,class,case,Section 54Termination of legal status and liquidation
p,id,class,case,1 The legal status conferred by section 46 of this Act shall cease to apply
p,id,class,case,1on the loss of parliamentarygroup status
p,id,class,case,2on the dissolution of the parliamentary group
p,id,class,case,3at the end of the electoral term
p,id,class,case,2 In the cases referred to in subsection 11 and 2 above liquidation shall take place The parliamentary group shall be regarded as continuing in existence until the liquidation has come to an end if the purpose of the liquidation so requires The liquidation shall be effected by the executive committee unless otherwise provided by the rules of procedure of the parliamentary group
p,id,class,case,3 The liquidators must complete all unfinished business transactions collect debts and satisfy creditors For this purpose they shall be entitled to enter into new transactions and convert assets into cash They shall comply with the provisions of section 504 regarding the purposes for which benefits may be used If during the liquidation process the liquidators are guilty of negligence they shall be jointly and severally liable to the creditors for the damages arising therefrom
p,id,class,case,4 Where monetary benefits provided under section 501 of this Act remain after completion of the liquidation these must be repaid into the federal budget The same shall apply to assets purchased with these benefits The benefits in kind provided in accordance with section 503 must be returned to the providing units
p,id,class,case,5 The remaining assets of the parliamentary group must be left to the beneficiaries The beneficiaries are the persons or authorities specified in the rules of procedure of the parliamentary group
p,id,class,case,6 Measures under subsections 4 and 5 above may not be taken until six months have elapsed since the event giving rise to loss of the legal status conferred by section46 of the present Act The provision of security for creditors must be effected in accordance with section 52 of the Civil Code Brgerliches Gesetzbuch
p,id,class,case,7 In the case referred to in subsection 13 above a liquidation shall not take place if within thirty days from the start of the new electoral term a parliamentary group is formed whose members belong to a party represented by a parliamentary group in the German Bundestag during the previous electoral term and which declares itself to be the successor to the latter group In this case the newly constituted parliamentary group shall be the successor in title to the old parliamentary group
